Organization Name,Neighborhood,Phone,Email,Website,Get Help,Give Help
Mutual Aid Jamaica Plain & Roxbury,"jamaica plain,roxbury",(617) 858-6238,jproxn2nteam@gmail.com,https://docs.google.com/document/d/1sprOsMLFieTEU6fakfG5mqirp3AUUGKGz6JnDg29n78/edit?fbclid=IwAR1unDoGAZGSYvut1VeMhznecyfspS1twsYcAmbbbdGEQIaB8LivZd22BtE,https://docs.google.com/spreadsheets/d/1X122NVSrb7VvgvJnkGng-HfxI8T8N3i7Wg7_pdRrtaM/edit#gid=0,
AB Mutual Aid,"allston,brighton",(617) 612-5059,AllstonBrightonMutualAid@gmail.com,https://www.abmutualaid.org/,https://www.abmutualaid.org/need-help,https://www.abmutualaid.org/can-help
Dorchester Community Care,dorchester,(857) 301-8280,dorchestercommunitycare@gmail.com,https://docs.google.com/document/d/1-16k_AKPNkVQXjMGogl913LSAPL7RBF9WL11-ANkXBU/edit,https://docs.google.com/forms/d/e/1FAIpQLSctKnyzmc-9MQqnOlSqSj4RHbl-I4W72VnSPvUJ6RmhPgqlQA/viewform,https://docs.google.com/spreadsheets/d/1kw_qSnJAUtYQ0wLxu_81yEF5_JLL_WaohP6Ru0oLcpE/edit#gid=0
Mutual Aid Eastie,east boston,(617) 981-4010,mutualaideastie@gmail.com,https://whatsupeastie.com/coronavirusresponse/mutualaideastie/,https://docs.google.com/forms/d/e/1FAIpQLScXYlCI5Pb2jyf1LIn_wtXHxVeoZTM8HrhBfAqxdLehZpGiMw/viewform,https://docs.google.com/forms/d/e/1FAIpQLScXLMAMa6u-ne5KW8WqoQ7zp81GQvQAxDo5j1Nq4EeFXugTFA/viewform
Fenway Cares,fenway-kenmore,(857) 246-9053,hello@fenwaycommunitycenter.org,https://fenwaycommunitycenter.org/fenwaycares/,https://docs.google.com/forms/d/1UPoTZQHu-0_rX7iaUZPIfd2Vvh4DsOYnb-6e4fjl2Vk/viewform?edit_requested=true,https://docs.google.com/forms/d/1UPoTZQHu-0_rX7iaUZPIfd2Vvh4DsOYnb-6e4fjl2Vk/viewform?edit_requested=true
Mission Hill Mutual Aid,mission hill,,,https://www.facebook.com/groups/553604492025748/,,https://docs.google.com/spreadsheets/d/1Z4k3rsGKxRhD6HnsGgaIDXbKU67wDkyJDdhlbWlPWVU/edit?ts=5ebc775e#gid=0
Roslindale Cares,rosindale,,roslindalerise@gmail.com,https://www.roslindalecares.com/,https://www.roslindalecares.com/resources,https://www.roslindalecares.com/donate
South Boston Neighborhood Aid,south boston,(617) 221-7594,SBNeighborhoodAid@gmail.com,https://www.sbneighborhoodaid.com/,https://docs.google.com/forms/d/e/1FAIpQLSeLqGKN3emk5ARSheNLML9J6ApgEZSbTWSNExx5bVHS6AVK1w/viewform,https://www.sbneighborhoodaid.com/give-help
South End Coronavirus Support,south end,,,,https://docs.google.com/forms/d/e/1FAIpQLScPcSJVwtvjT_rHVC0h-_0scMC1DOuolWUX1LmnPiksAz3UEw/viewform,https://docs.google.com/forms/d/e/1FAIpQLScPcSJVwtvjT_rHVC0h-_0scMC1DOuolWUX1LmnPiksAz3UEw/viewform
Boston Resiliency Fund,boston wide,(617) 635-0946,brf@boston.gov,https://www.boston.gov/departments/treasury/boston-resiliency-fund,,
Project Bread,boston wide,(800) 645-8333,info@projectbread.org,https://www.projectbread.org/,https://www.projectbread.org/get-help,https://www.projectbread.org/individual-donations
Boston Food Resource Map,boston wide,(617) 635-3717,food@boston.gov,https://www.boston.gov/departments/food-access/food-resources-map,,
Boston Queers for Mutual Aid,boston wide,,,https://www.facebook.com/groups/1910113582610797/,,
Boston Community Wellness,boston wide,,,https://docs.google.com/forms/d/e/1FAIpQLSchoamaAgSCR159UHblb-5wQZDR_JSgRMZ6Zf1i3dKrcB7GyA/viewform,,
Boston Cares,boston wide,,,https://www.bostoncares.org/,,
Restaurant Worker Mutual Aid,boston wide,(860) 304-0510,,https://rwma617.org/,,https://rwma617.org/volunteer/
350 MA,boston wide,,,https://docs.google.com/forms/d/e/1FAIpQLSch5YoXLpT-mfRmYyocdCYJ98flZOK2WFOhhe_khamR-Uv-Eg/viewform,,
Muslim American Society Mutual Aid,boston wide,,,,,https://docs.google.com/forms/d/e/1FAIpQLSdGyAy3hDF6m7smRkZdj66nSXJ_GhvWN5oBEvDehsLK7fInQQ/viewform
Good Neighbors,boston wide,(877) 958-8785,,https://www.nesterlygoodneighbors.com/,https://www.nesterlygoodneighbors.com/request-a-good-neighbor/,https://www.nesterlygoodneighbors.com/volunteersignup/
Perfect Strangers,boston wide,,,https://www.weareperfectstrangers.org/,https://www.weareperfectstrangers.org/request-a-delivery,https://www.weareperfectstrangers.org/volunteer